student_id,marks,assignments,backlogs
STU001,85,95,0
STU002,58,65,1
STU003,38,42,2
STU004,72,80,0
STU005,48,52,1
STU006,81,90,0
STU007,55,60,1
STU008,35,30,3
STU009,91,96,0
STU010,65,70,0
STU011,65,53,0
STU012,97,100,0
STU013,73,61,0
STU014,67,55,0
STU015,59,57,0
STU016,63,59,0
STU017,66,74,0
STU018,45,40,1
STU019,40,36,3
STU020,50,59,1
STU021,49,60,0
STU022,59,69,2
STU023,95,84,0
STU024,53,63,1
STU025,98,100,0
STU026,87,88,1
STU027,55,67,0
STU028,93,94,0
STU029,55,43,2
STU030,80,76,0
STU031,51,62,2
STU032,49,40,2
STU033,66,58,0
STU034,41,39,3
STU035,73,70,0
STU036,79,69,1
STU037,69,62,0
STU038,80,91,0
STU039,59,63,1
STU040,41,46,2
STU041,87,76,0
STU042,45,54,1
STU043,96,100,0
STU044,31,40,3
STU045,78,89,0
STU046,78,69,0
STU047,53,48,0
STU048,82,70,1
STU049,68,62,1
STU050,54,56,1
STU051,46,35,2
STU052,26,32,3
STU053,54,47,0
STU054,96,91,0
STU055,74,72,1
STU056,51,60,2
STU057,72,60,0
STU058,51,47,0
STU059,45,47,2
STU060,79,67,0
STU061,38,29,2
STU062,66,76,0
STU063,66,55,0
STU064,67,59,0
STU065,66,54,0
STU066,86,92,0
STU067,98,87,1
STU068,68,73,1
STU069,57,50,1
STU070,91,100,0
STU071,78,81,0
STU072,98,93,0
STU073,50,46,1
STU074,66,54,0
STU075,27,34,3
STU076,55,62,2
STU077,39,49,3
STU078,90,99,0
STU079,47,45,2
STU080,52,49,2
STU081,69,66,0
STU082,84,91,0
STU083,48,54,2
STU084,71,65,0
STU085,56,65,2
STU086,77,86,0
STU087,71,83,0
STU088,61,61,0
STU089,98,89,0
STU090,52,57,0
STU091,87,96,0
STU092,69,80,1
STU093,92,94,0
STU094,70,78,0
STU095,53,58,0
STU096,53,47,0
STU097,49,43,1
STU098,66,78,0
STU099,73,74,0
STU100,52,55,0
STU101,89,81,1
STU102,64,54,0
STU103,50,48,0
STU104,54,66,1
STU105,86,75,1
STU106,48,36,0
STU107,38,30,3
STU108,73,69,0
STU109,41,32,4
STU110,77,77,1
STU111,80,89,0
STU112,69,78,0
STU113,74,77,0
STU114,54,65,2
STU115,90,100,0
STU116,83,73,0
STU117,76,74,0
STU118,81,79,0
STU119,61,51,0
STU120,85,88,0
STU121,46,55,2
STU122,66,67,1
STU123,48,44,0
STU124,45,56,2
STU125,84,80,0
STU126,81,78,0
STU127,40,29,4
STU128,89,100,0
STU129,60,53,1
STU130,38,41,2
STU131,91,88,0
STU132,85,92,0
STU133,95,96,0
STU134,76,84,0
STU135,31,25,3
STU136,61,50,0
STU137,44,52,4
STU138,63,71,0
STU139,57,54,2
STU140,54,45,1
STU141,71,73,0
STU142,68,56,0
STU143,47,56,1
STU144,48,52,2
STU145,72,80,0
STU146,63,54,1
STU147,73,85,0
STU148,53,53,2
STU149,94,96,0
STU150,76,88,0
STU151,98,100,0
STU152,41,46,2
STU153,78,80,1
STU154,76,80,0
STU155,68,60,0
STU156,96,97,0
STU157,77,83,0
STU158,63,61,0
STU159,56,51,2
STU160,34,45,3
STU161,98,100,1
STU162,69,60,1
STU163,44,52,2
STU164,48,55,2
STU165,86,95,1
STU166,98,100,1
STU167,74,69,0
STU168,80,82,0
STU169,34,33,3
STU170,68,74,0
STU171,89,96,0
STU172,70,72,0
STU173,61,51,0
STU174,74,76,0
STU175,49,55,1
STU176,49,58,1
STU177,98,100,0
STU178,98,95,0
STU179,53,49,2
STU180,91,83,0
STU181,51,57,1
STU182,82,75,0
STU183,62,55,0
STU184,87,78,0
STU185,88,97,1
STU186,47,43,2
STU187,88,97,0
STU188,72,75,0
STU189,65,73,0
STU190,31,25,3
STU191,65,70,0
STU192,72,73,0
STU193,77,71,0
STU194,62,70,0
STU195,88,78,0
STU196,82,77,1
STU197,87,81,0
STU198,98,100,0
STU199,63,56,0
STU200,97,92,0
STU201,64,55,0
STU202,42,46,2
STU203,98,100,0
STU204,88,89,0
STU205,37,44,2
STU206,81,87,0
STU207,67,74,0
STU208,98,100,0
STU209,69,71,0
STU210,72,71,1
STU211,77,67,0
STU212,43,48,4
STU213,59,68,1
STU214,52,43,2
STU215,59,50,1
STU216,57,52,1
STU217,90,100,0
STU218,54,42,0
STU219,89,77,0
STU220,43,40,4
STU221,62,51,0
STU222,53,62,1
STU223,59,63,0
STU224,83,86,0
STU225,28,25,2
STU226,50,41,0
STU227,63,73,0
STU228,98,87,0
STU229,67,67,0
STU230,47,54,1
STU231,79,74,0
STU232,50,48,0
STU233,62,74,0
STU234,39,33,2
STU235,65,58,1
STU236,88,90,0
STU237,97,95,0
STU238,57,46,1
STU239,25,25,3
STU240,78,85,0
STU241,38,44,4
STU242,68,60,1
STU243,74,67,0
STU244,66,65,0
STU245,61,69,0
STU246,55,51,2
STU247,41,31,4
STU248,85,94,0
STU249,66,64,0
STU250,65,64,0
STU251,59,54,0
STU252,88,99,1
STU253,49,49,0
STU254,90,97,0
STU255,88,83,1
STU256,46,49,0
STU257,64,76,0
STU258,59,66,0
STU259,88,93,1
STU260,75,71,0
STU261,62,64,1
STU262,65,60,0
STU263,54,64,2
STU264,33,36,4
STU265,66,73,0
STU266,48,59,2
STU267,47,44,0
STU268,87,94,0
STU269,43,47,4
STU270,53,41,2
STU271,54,63,0
STU272,72,76,0
STU273,57,53,2
STU274,60,69,0
STU275,61,59,0
STU276,67,59,0
STU277,49,43,0
STU278,73,78,0
STU279,98,87,1
STU280,90,100,0
STU281,81,80,1
STU282,40,47,2
STU283,37,46,3
STU284,80,73,0
STU285,57,65,0
STU286,96,100,0
STU287,51,43,0
STU288,59,66,0
STU289,72,78,0
STU290,29,40,2
STU291,97,88,0
STU292,81,75,0
STU293,52,61,1
STU294,68,65,1
STU295,39,33,2
STU296,62,68,0
STU297,29,26,3
STU298,84,90,0
STU299,81,80,0
STU300,75,76,0
STU301,46,39,1
STU302,88,78,0
STU303,60,65,0
STU304,84,91,0
STU305,44,56,4
STU306,89,90,0
STU307,72,75,0
STU308,67,60,0
STU309,69,79,0
STU310,81,85,0
STU311,41,32,2
STU312,74,69,1
STU313,48,60,0
STU314,81,78,0
STU315,43,49,3
STU316,72,80,0
STU317,58,54,2
STU318,36,25,4
STU319,42,42,4
STU320,65,72,0
STU321,82,87,1
STU322,63,52,0
STU323,55,62,2
STU324,44,51,4
STU325,80,84,0
STU326,34,32,4
STU327,66,77,1
STU328,96,100,0
STU329,85,92,0
STU330,80,71,0
STU331,48,52,2
STU332,47,39,2
STU333,79,83,0
STU334,67,76,0
STU335,41,37,4
STU336,80,90,0
STU337,95,91,0
STU338,68,60,0
STU339,70,66,0
STU340,43,34,4
STU341,92,96,0
STU342,55,64,0
STU343,98,100,0
STU344,64,76,0
STU345,98,91,1
STU346,96,93,1
STU347,71,76,0
STU348,45,36,1
STU349,71,81,0
STU350,76,69,0
STU351,44,44,4
STU352,62,57,0
STU353,52,58,2
STU354,67,62,0
STU355,81,91,0
STU356,68,63,1
STU357,58,68,2
STU358,94,88,0
STU359,66,76,0
STU360,85,89,0
STU361,50,44,2
STU362,68,57,0
STU363,71,80,0
STU364,53,43,0
STU365,81,84,0
STU366,88,89,0
STU367,48,57,2
STU368,47,40,2
STU369,75,63,0
STU370,66,66,0
STU371,62,73,0
STU372,98,86,0
STU373,87,76,0
STU374,97,100,0
STU375,60,67,0
STU376,52,56,0
STU377,87,98,1
STU378,36,44,4
STU379,79,80,0
STU380,83,80,1
STU381,61,66,0
STU382,65,67,0
STU383,51,60,2
STU384,97,100,0
STU385,80,74,1
STU386,59,69,2
STU387,54,52,1
STU388,61,64,0
STU389,48,47,1
STU390,84,95,0
STU391,57,49,0
STU392,52,57,2
STU393,96,99,1
STU394,93,92,0
STU395,41,30,2
STU396,52,60,0
STU397,68,67,0
STU398,25,30,4
STU399,78,74,0
STU400,83,87,0
STU401,84,74,0
STU402,62,52,0
STU403,58,63,1
STU404,42,43,4
STU405,56,60,0
STU406,47,43,2
STU407,86,74,1
STU408,50,45,2
STU409,96,94,0
STU410,43,54,3
STU411,62,52,0
STU412,43,39,3
STU413,69,70,0
STU414,65,60,0
STU415,92,84,0
STU416,61,73,0
STU417,74,78,0
STU418,85,83,1
STU419,50,55,0
STU420,36,32,3
STU421,31,32,3
STU422,74,73,0
STU423,48,39,0
STU424,69,76,0
STU425,98,100,1
STU426,49,47,0
STU427,91,99,0
STU428,98,98,0
STU429,89,94,0
STU430,82,92,0
STU431,50,47,0
STU432,84,74,0
STU433,98,100,0
STU434,90,97,0
STU435,49,57,2
STU436,85,85,1
STU437,36,31,4
STU438,61,73,0
STU439,55,52,1
STU440,72,71,0
STU441,55,57,2
STU442,42,52,2
STU443,49,42,2
STU444,62,60,0
STU445,38,46,4
STU446,88,82,0
STU447,63,73,0
STU448,55,49,1
STU449,61,61,0
STU450,70,63,0
STU451,48,40,1
STU452,34,33,4
STU453,67,59,0
STU454,86,79,0
STU455,69,58,1
STU456,86,91,0
STU457,89,92,0
STU458,32,27,4
STU459,69,80,0
STU460,63,68,0
STU461,67,61,1
STU462,38,34,3
STU463,53,48,0
STU464,75,68,0
STU465,61,57,0
STU466,66,70,1
STU467,85,74,1
STU468,37,29,4
STU469,96,96,0
STU470,52,60,0
STU471,89,91,1
STU472,70,81,1
STU473,68,62,1
STU474,84,82,0
STU475,89,78,0
STU476,81,83,0
STU477,58,66,1
STU478,53,43,1
STU479,71,82,0
STU480,28,31,2
STU481,76,78,0
STU482,45,35,0
STU483,76,67,0
STU484,97,89,0
STU485,81,74,0
STU486,67,76,0
STU487,47,58,1
STU488,76,71,0
STU489,69,81,1
STU490,76,70,0
STU491,49,44,1
STU492,33,31,2
STU493,62,71,0
STU494,26,25,2
STU495,63,60,0
STU496,49,57,2
STU497,43,47,2
STU498,65,73,0
STU499,72,67,0
STU500,80,69,0
STU501,71,81,0
STU502,97,93,0
STU503,81,93,1
STU504,34,44,4
STU505,65,54,0
STU506,74,80,0
STU507,98,86,0
STU508,77,82,0
STU509,50,61,1
STU510,45,54,0
STU511,56,56,0
STU512,51,41,2
STU513,58,55,2
STU514,74,86,0
STU515,35,25,2
STU516,94,82,1
STU517,44,38,4
STU518,29,39,3
STU519,64,68,0
STU520,62,66,0
STU521,38,47,2
STU522,86,86,0
STU523,32,25,4
STU524,46,48,1
STU525,68,62,0
STU526,94,91,0
STU527,49,44,1
STU528,74,70,0
STU529,86,81,0
STU530,51,63,0
STU531,82,72,0
STU532,62,70,0
STU533,52,45,2
STU534,53,53,2
STU535,85,81,0
STU536,57,54,1
STU537,51,43,1
STU538,81,69,1
STU539,87,86,1
STU540,33,40,2
STU541,50,53,2
STU542,35,30,4
STU543,98,100,0
STU544,98,91,0
STU545,98,86,0
STU546,60,63,0
STU547,55,50,0
STU548,67,59,0
STU549,27,33,4
STU550,92,91,1
STU551,52,50,0
STU552,73,66,0
STU553,51,60,2
STU554,90,87,0
STU555,98,100,0
STU556,80,71,1
STU557,47,55,0
STU558,44,39,4
STU559,75,86,0
STU560,63,63,0
STU561,91,86,0
STU562,50,41,0
STU563,43,33,3
STU564,69,62,0
STU565,41,42,4
STU566,48,39,0
STU567,90,82,0
STU568,75,69,0
STU569,79,76,0
STU570,80,80,0
STU571,52,54,1
STU572,55,65,2
STU573,90,91,1
STU574,68,73,0
STU575,39,49,2
STU576,55,48,0
STU577,48,49,0
STU578,65,55,0
STU579,78,66,0
STU580,35,41,4
STU581,74,71,1
STU582,78,84,0
STU583,81,91,0
STU584,48,51,1
STU585,98,95,0
STU586,84,76,0
STU587,81,88,0
STU588,77,81,1
STU589,83,83,0
STU590,62,56,0
STU591,67,61,0
STU592,50,38,0
STU593,70,75,0
STU594,68,65,0
STU595,83,91,0
STU596,98,100,0
STU597,73,68,0
STU598,52,52,1
STU599,81,88,0
STU600,86,91,0
STU601,36,32,4
STU602,85,93,0
STU603,98,100,0
STU604,62,58,1
STU605,84,78,0
STU606,73,72,0
STU607,56,67,1
STU608,63,53,0
STU609,88,87,0
STU610,97,100,0
STU611,56,65,1
STU612,80,72,1
STU613,98,91,0
STU614,63,51,0
STU615,47,59,0
STU616,75,75,0
STU617,79,67,1
STU618,42,53,2
STU619,53,45,0
STU620,75,72,1
STU621,69,67,1
STU622,98,98,0
STU623,41,45,2
STU624,88,77,0
STU625,61,70,0
STU626,62,62,0
STU627,85,73,0
STU628,82,74,0
STU629,43,34,3
STU630,79,83,1
STU631,41,44,2
STU632,25,34,2
STU633,57,47,2
STU634,87,95,0
STU635,54,47,0
STU636,72,63,0
STU637,51,59,0
STU638,98,88,0
STU639,65,65,0
STU640,78,69,0
STU641,66,69,0
STU642,82,89,0
STU643,95,86,1
STU644,42,52,4
STU645,59,63,2
STU646,87,82,0
STU647,91,98,0
STU648,80,73,0
STU649,41,36,4
STU650,39,41,3
STU651,67,65,0
STU652,49,54,2
STU653,79,87,0
STU654,54,43,0
STU655,80,83,0
STU656,71,59,0
STU657,66,76,0
STU658,90,100,0
STU659,88,82,0
STU660,49,57,2
STU661,64,73,0
STU662,70,75,1
STU663,85,95,0
STU664,79,77,0
STU665,45,45,1
STU666,34,35,4
STU667,87,97,0
STU668,76,85,0
STU669,71,81,0
STU670,77,86,0
STU671,98,99,0
STU672,65,59,0
STU673,57,46,2
STU674,57,56,1
STU675,69,64,0
STU676,37,37,3
STU677,45,41,0
STU678,84,94,0
STU679,94,88,0
STU680,85,76,0
STU681,86,82,0
STU682,61,50,0
STU683,75,74,0
STU684,51,55,0
STU685,64,58,0
STU686,77,80,1
STU687,58,53,2
STU688,45,43,1
STU689,79,76,0
STU690,68,71,0
STU691,30,25,4
STU692,56,64,0
STU693,82,92,1
STU694,49,58,0
STU695,44,34,2
STU696,55,45,2
STU697,60,68,0
STU698,56,64,2
STU699,60,70,0
STU700,74,81,0
STU701,64,67,0
STU702,66,63,0
STU703,45,50,2
STU704,40,47,3
STU705,92,100,0
STU706,37,32,4
STU707,54,60,0
STU708,35,44,2
STU709,86,89,1
STU710,63,57,0
STU711,49,55,1
STU712,32,27,2
STU713,49,58,2
STU714,61,73,0
STU715,53,49,0
STU716,98,88,0
STU717,92,98,0
STU718,84,89,0
STU719,98,100,0
STU720,58,62,0
STU721,44,37,2
STU722,63,52,0
STU723,37,46,2
STU724,94,83,0
STU725,83,94,0
STU726,63,71,1
STU727,52,52,1
STU728,80,87,0
STU729,42,50,3
STU730,43,50,4
STU731,73,71,0
STU732,64,72,0
STU733,64,56,0
STU734,43,47,3
STU735,90,87,1
STU736,62,63,0
STU737,62,55,0
STU738,33,33,3
STU739,50,54,2
STU740,33,36,4
STU741,73,63,0
STU742,92,100,0
STU743,56,59,1
STU744,53,65,0
STU745,95,96,0
STU746,58,62,0
STU747,55,54,0
STU748,69,75,0
STU749,65,70,0
STU750,69,81,0
STU751,76,78,0
STU752,82,87,0
STU753,47,37,0
STU754,29,25,2
STU755,47,47,1
STU756,49,42,2
STU757,61,70,1
STU758,76,80,0
STU759,63,56,0
STU760,59,65,0
STU761,63,68,1
STU762,48,48,2
STU763,64,55,0
STU764,62,67,0
STU765,76,71,0
STU766,97,85,0
STU767,73,71,0
STU768,45,42,0
STU769,84,74,0
STU770,66,59,1
STU771,41,52,2
STU772,60,55,0
STU773,48,57,1
STU774,57,60,1
STU775,54,47,2
STU776,62,51,0
STU777,74,83,0
STU778,61,71,0
STU779,53,60,1
STU780,71,69,0
STU781,81,80,1
STU782,79,74,0
STU783,88,82,0
STU784,63,55,1
STU785,55,61,0
STU786,82,85,0
STU787,62,67,1
STU788,71,80,1
STU789,54,63,2
STU790,80,80,0
STU791,83,84,0
STU792,42,37,3
STU793,75,82,0
STU794,75,77,0
STU795,72,83,0
STU796,54,57,2
STU797,79,69,0
STU798,90,87,0
STU799,81,74,0
STU800,94,90,0
STU801,78,80,0
STU802,79,76,1
STU803,52,53,1
STU804,98,90,0
STU805,61,49,0
STU806,51,52,2
STU807,90,98,0
STU808,53,65,2
STU809,60,71,0
STU810,39,30,4
STU811,61,68,0
STU812,28,25,3
STU813,73,61,0
STU814,57,60,1
STU815,98,90,0
STU816,62,58,0
STU817,49,61,1
STU818,48,59,0
STU819,74,72,0
STU820,37,40,4
STU821,79,88,0
STU822,57,53,2
STU823,42,52,3
STU824,34,27,3
STU825,67,75,0
STU826,75,67,0
STU827,69,71,0
STU828,38,27,3
STU829,78,81,0
STU830,59,66,2
STU831,59,55,2
STU832,78,78,0
STU833,68,66,0
STU834,76,79,0
STU835,73,64,0
STU836,78,72,0
STU837,67,70,0
STU838,55,65,0
STU839,98,88,0
STU840,74,73,0
STU841,70,67,0
STU842,53,53,0
STU843,50,61,2
STU844,80,79,0
STU845,77,82,0
STU846,72,70,0
STU847,75,86,0
STU848,80,76,0
STU849,33,40,2
STU850,48,42,1
STU851,92,88,1
STU852,62,54,0
STU853,82,72,0
STU854,67,70,0
STU855,42,53,4
STU856,49,47,1
STU857,80,92,0
STU858,91,91,0
STU859,58,68,0
STU860,78,82,0
STU861,45,48,2
STU862,40,40,4
STU863,54,46,1
STU864,64,69,0
STU865,63,64,0
STU866,61,60,0
STU867,43,50,3
STU868,81,75,0
STU869,70,65,1
STU870,91,82,0
STU871,41,46,4
STU872,84,76,0
STU873,32,25,2
STU874,85,81,0
STU875,60,69,0
STU876,48,52,2
STU877,96,100,0
STU878,67,56,0
STU879,32,31,4
STU880,48,52,1
STU881,90,78,1
STU882,91,100,0
STU883,97,100,0
STU884,70,72,0
STU885,79,71,0
STU886,98,90,0
STU887,79,70,0
STU888,80,81,1
STU889,37,29,2
STU890,69,76,0
STU891,46,56,1
STU892,75,85,0
STU893,38,33,2
STU894,52,47,2
STU895,37,30,3
STU896,91,86,0
STU897,54,61,2
STU898,91,100,0
STU899,53,58,1
STU900,79,87,1
STU901,65,62,0
STU902,83,85,0
STU903,89,99,0
STU904,69,79,1
STU905,86,96,0
STU906,70,69,0
STU907,47,59,0
STU908,91,83,0
STU909,50,61,1
STU910,36,25,4
STU911,80,83,0
STU912,80,83,0
STU913,95,91,0
STU914,32,40,3
STU915,45,51,2
STU916,28,25,3
STU917,59,68,2
STU918,62,64,0
STU919,51,50,1
STU920,55,47,0
STU921,64,58,0
STU922,78,68,0
STU923,68,66,0
STU924,73,77,0
STU925,76,70,0
STU926,82,89,1
STU927,93,87,0
STU928,57,62,1
STU929,55,66,2
STU930,39,37,3
STU931,44,36,3
STU932,98,100,1
STU933,91,88,0
STU934,79,77,0
STU935,75,73,1
STU936,51,58,0
STU937,64,53,0
STU938,84,78,0
STU939,36,38,4
STU940,58,52,1
STU941,55,46,2
STU942,69,71,0
STU943,45,52,0
STU944,27,31,4
STU945,79,87,1
STU946,66,78,0
STU947,29,36,4
STU948,61,59,0
STU949,34,31,4
STU950,29,25,3
STU951,27,28,3
STU952,97,100,0
STU953,80,90,0
STU954,69,61,0
STU955,62,70,0
STU956,98,100,0
STU957,98,96,0
STU958,78,71,0
STU959,73,83,0
STU960,63,69,0
STU961,36,30,4
STU962,82,87,0
STU963,85,88,0
STU964,55,52,1
STU965,84,84,0
STU966,58,64,2
STU967,68,70,0
STU968,93,91,0
STU969,91,81,0
STU970,41,40,4
STU971,83,82,0
STU972,71,79,0
STU973,69,72,0
STU974,52,49,2
STU975,63,55,0
STU976,50,51,1
STU977,67,68,0
STU978,68,56,0
STU979,52,57,2
STU980,74,73,0
STU981,84,96,0
STU982,52,60,2
STU983,85,90,0
STU984,71,74,0
STU985,69,66,0
STU986,66,55,0
STU987,96,100,0
STU988,80,76,0
STU989,48,41,2
STU990,70,63,0
STU991,82,71,0
STU992,78,81,0
STU993,88,81,0
STU994,96,87,0
STU995,87,82,0
STU996,90,78,0
STU997,66,57,1
STU998,90,86,0
STU999,61,73,0
STU1000,87,80,0
