student_id,attendance
STU001,92
STU002,68
STU003,45
STU004,78
STU005,55
STU006,88
STU007,62
STU008,40
STU009,95
STU010,72
STU011,80
STU012,87
STU013,72
STU014,77
STU015,53
STU016,62
STU017,75
STU018,42
STU019,46
STU020,62
STU021,50
STU022,57
STU023,89
STU024,53
STU025,98
STU026,87
STU027,71
STU028,90
STU029,56
STU030,74
STU031,69
STU032,51
STU033,78
STU034,40
STU035,63
STU036,71
STU037,70
STU038,74
STU039,63
STU040,41
STU041,85
STU042,55
STU043,86
STU044,46
STU045,69
STU046,86
STU047,57
STU048,74
STU049,71
STU050,64
STU051,58
STU052,43
STU053,45
STU054,96
STU055,76
STU056,65
STU057,88
STU058,53
STU059,58
STU060,81
STU061,48
STU062,78
STU063,56
STU064,61
STU065,67
STU066,93
STU067,90
STU068,62
STU069,50
STU070,82
STU071,95
STU072,90
STU073,44
STU074,74
STU075,42
STU076,60
STU077,56
STU078,91
STU079,44
STU080,47
STU081,65
STU082,97
STU083,53
STU084,68
STU085,58
STU086,88
STU087,70
STU088,64
STU089,89
STU090,69
STU091,91
STU092,68
STU093,95
STU094,73
STU095,61
STU096,49
STU097,66
STU098,84
STU099,64
STU100,57
STU101,93
STU102,82
STU103,56
STU104,64
STU105,87
STU106,42
STU107,49
STU108,69
STU109,50
STU110,83
STU111,89
STU112,74
STU113,66
STU114,67
STU115,91
STU116,94
STU117,82
STU118,91
STU119,73
STU120,81
STU121,55
STU122,73
STU123,57
STU124,60
STU125,87
STU126,93
STU127,57
STU128,80
STU129,68
STU130,44
STU131,91
STU132,78
STU133,95
STU134,88
STU135,44
STU136,70
STU137,54
STU138,74
STU139,50
STU140,58
STU141,74
STU142,78
STU143,41
STU144,51
STU145,77
STU146,60
STU147,65
STU148,47
STU149,95
STU150,80
STU151,96
STU152,50
STU153,93
STU154,85
STU155,69
STU156,89
STU157,86
STU158,70
STU159,52
STU160,42
STU161,90
STU162,77
STU163,49
STU164,56
STU165,94
STU166,96
STU167,83
STU168,95
STU169,43
STU170,73
STU171,95
STU172,80
STU173,74
STU174,84
STU175,55
STU176,41
STU177,95
STU178,97
STU179,52
STU180,83
STU181,68
STU182,87
STU183,72
STU184,95
STU185,83
STU186,65
STU187,83
STU188,83
STU189,81
STU190,48
STU191,55
STU192,86
STU193,84
STU194,63
STU195,92
STU196,90
STU197,88
STU198,90
STU199,56
STU200,90
STU201,66
STU202,46
STU203,98
STU204,94
STU205,45
STU206,79
STU207,69
STU208,96
STU209,61
STU210,82
STU211,93
STU212,43
STU213,66
STU214,59
STU215,70
STU216,57
STU217,82
STU218,61
STU219,87
STU220,50
STU221,78
STU222,57
STU223,53
STU224,83
STU225,40
STU226,58
STU227,64
STU228,95
STU229,67
STU230,60
STU231,94
STU232,61
STU233,52
STU234,49
STU235,81
STU236,88
STU237,95
STU238,57
STU239,42
STU240,94
STU241,42
STU242,70
STU243,72
STU244,79
STU245,78
STU246,64
STU247,49
STU248,81
STU249,64
STU250,67
STU251,71
STU252,89
STU253,48
STU254,84
STU255,83
STU256,55
STU257,68
STU258,52
STU259,95
STU260,88
STU261,54
STU262,72
STU263,46
STU264,42
STU265,70
STU266,49
STU267,58
STU268,80
STU269,41
STU270,58
STU271,51
STU272,74
STU273,64
STU274,55
STU275,62
STU276,80
STU277,42
STU278,65
STU279,95
STU280,96
STU281,84
STU282,45
STU283,45
STU284,85
STU285,67
STU286,91
STU287,68
STU288,76
STU289,88
STU290,47
STU291,98
STU292,84
STU293,45
STU294,58
STU295,54
STU296,63
STU297,45
STU298,89
STU299,83
STU300,89
STU301,59
STU302,97
STU303,59
STU304,79
STU305,42
STU306,89
STU307,81
STU308,84
STU309,60
STU310,88
STU311,55
STU312,79
STU313,60
STU314,71
STU315,55
STU316,71
STU317,48
STU318,42
STU319,58
STU320,57
STU321,90
STU322,65
STU323,69
STU324,50
STU325,72
STU326,41
STU327,59
STU328,90
STU329,80
STU330,76
STU331,53
STU332,43
STU333,82
STU334,74
STU335,52
STU336,89
STU337,90
STU338,62
STU339,68
STU340,57
STU341,82
STU342,70
STU343,96
STU344,81
STU345,96
STU346,87
STU347,69
STU348,57
STU349,81
STU350,88
STU351,60
STU352,70
STU353,61
STU354,63
STU355,83
STU356,79
STU357,63
STU358,91
STU359,68
STU360,75
STU361,47
STU362,72
STU363,75
STU364,53
STU365,97
STU366,86
STU367,45
STU368,62
STU369,86
STU370,67
STU371,52
STU372,96
STU373,83
STU374,88
STU375,60
STU376,49
STU377,77
STU378,43
STU379,84
STU380,94
STU381,66
STU382,81
STU383,57
STU384,91
STU385,98
STU386,70
STU387,55
STU388,63
STU389,60
STU390,95
STU391,66
STU392,55
STU393,88
STU394,86
STU395,43
STU396,66
STU397,72
STU398,41
STU399,73
STU400,98
STU401,90
STU402,59
STU403,64
STU404,45
STU405,46
STU406,44
STU407,94
STU408,50
STU409,97
STU410,45
STU411,54
STU412,41
STU413,75
STU414,58
STU415,90
STU416,68
STU417,75
STU418,78
STU419,45
STU420,50
STU421,44
STU422,90
STU423,52
STU424,61
STU425,92
STU426,52
STU427,87
STU428,92
STU429,83
STU430,91
STU431,48
STU432,90
STU433,98
STU434,91
STU435,62
STU436,83
STU437,46
STU438,65
STU439,70
STU440,86
STU441,70
STU442,59
STU443,46
STU444,75
STU445,51
STU446,87
STU447,57
STU448,63
STU449,60
STU450,69
STU451,45
STU452,47
STU453,66
STU454,84
STU455,68
STU456,92
STU457,93
STU458,42
STU459,69
STU460,57
STU461,68
STU462,42
STU463,47
STU464,80
STU465,62
STU466,57
STU467,90
STU468,48
STU469,93
STU470,68
STU471,96
STU472,86
STU473,74
STU474,93
STU475,83
STU476,94
STU477,48
STU478,63
STU479,80
STU480,40
STU481,73
STU482,48
STU483,91
STU484,88
STU485,79
STU486,66
STU487,47
STU488,90
STU489,78
STU490,78
STU491,64
STU492,40
STU493,63
STU494,44
STU495,65
STU496,65
STU497,59
STU498,65
STU499,67
STU500,79
STU501,85
STU502,92
STU503,96
STU504,44
STU505,72
STU506,89
STU507,94
STU508,94
STU509,55
STU510,47
STU511,73
STU512,59
STU513,58
STU514,77
STU515,40
STU516,84
STU517,59
STU518,43
STU519,54
STU520,77
STU521,43
STU522,94
STU523,44
STU524,50
STU525,62
STU526,91
STU527,45
STU528,83
STU529,87
STU530,43
STU531,80
STU532,52
STU533,69
STU534,71
STU535,98
STU536,55
STU537,57
STU538,74
STU539,90
STU540,41
STU541,43
STU542,50
STU543,92
STU544,93
STU545,98
STU546,52
STU547,54
STU548,79
STU549,41
STU550,94
STU551,61
STU552,81
STU553,62
STU554,86
STU555,94
STU556,80
STU557,60
STU558,56
STU559,90
STU560,66
STU561,88
STU562,60
STU563,44
STU564,67
STU565,53
STU566,59
STU567,93
STU568,78
STU569,94
STU570,81
STU571,56
STU572,49
STU573,91
STU574,73
STU575,45
STU576,68
STU577,45
STU578,60
STU579,69
STU580,49
STU581,89
STU582,81
STU583,78
STU584,43
STU585,92
STU586,95
STU587,86
STU588,71
STU589,85
STU590,52
STU591,63
STU592,47
STU593,70
STU594,84
STU595,94
STU596,95
STU597,91
STU598,57
STU599,83
STU600,93
STU601,44
STU602,81
STU603,94
STU604,71
STU605,76
STU606,70
STU607,70
STU608,61
STU609,96
STU610,95
STU611,47
STU612,94
STU613,95
STU614,80
STU615,50
STU616,80
STU617,86
STU618,40
STU619,62
STU620,92
STU621,83
STU622,98
STU623,41
STU624,81
STU625,78
STU626,66
STU627,83
STU628,78
STU629,58
STU630,89
STU631,42
STU632,40
STU633,71
STU634,97
STU635,46
STU636,67
STU637,48
STU638,96
STU639,57
STU640,91
STU641,66
STU642,89
STU643,98
STU644,60
STU645,61
STU646,82
STU647,92
STU648,71
STU649,43
STU650,55
STU651,71
STU652,66
STU653,78
STU654,61
STU655,79
STU656,82
STU657,73
STU658,85
STU659,94
STU660,66
STU661,68
STU662,87
STU663,98
STU664,78
STU665,55
STU666,48
STU667,95
STU668,85
STU669,72
STU670,77
STU671,96
STU672,82
STU673,49
STU674,74
STU675,75
STU676,43
STU677,40
STU678,80
STU679,89
STU680,87
STU681,77
STU682,60
STU683,76
STU684,44
STU685,54
STU686,79
STU687,62
STU688,42
STU689,74
STU690,72
STU691,45
STU692,53
STU693,74
STU694,44
STU695,61
STU696,56
STU697,64
STU698,74
STU699,77
STU700,83
STU701,82
STU702,80
STU703,63
STU704,40
STU705,87
STU706,50
STU707,51
STU708,44
STU709,86
STU710,79
STU711,49
STU712,40
STU713,63
STU714,68
STU715,45
STU716,96
STU717,92
STU718,74
STU719,97
STU720,65
STU721,48
STU722,70
STU723,54
STU724,98
STU725,93
STU726,63
STU727,54
STU728,70
STU729,44
STU730,50
STU731,66
STU732,77
STU733,77
STU734,56
STU735,82
STU736,54
STU737,72
STU738,44
STU739,52
STU740,46
STU741,88
STU742,89
STU743,67
STU744,56
STU745,96
STU746,73
STU747,60
STU748,74
STU749,66
STU750,76
STU751,87
STU752,90
STU753,40
STU754,45
STU755,42
STU756,43
STU757,52
STU758,78
STU759,81
STU760,65
STU761,58
STU762,52
STU763,66
STU764,72
STU765,70
STU766,97
STU767,84
STU768,56
STU769,92
STU770,76
STU771,52
STU772,52
STU773,45
STU774,74
STU775,57
STU776,76
STU777,65
STU778,69
STU779,60
STU780,70
STU781,88
STU782,76
STU783,94
STU784,66
STU785,56
STU786,92
STU787,63
STU788,62
STU789,62
STU790,96
STU791,91
STU792,50
STU793,85
STU794,77
STU795,82
STU796,44
STU797,73
STU798,96
STU799,73
STU800,95
STU801,77
STU802,80
STU803,59
STU804,92
STU805,70
STU806,63
STU807,85
STU808,55
STU809,58
STU810,48
STU811,57
STU812,41
STU813,68
STU814,66
STU815,93
STU816,52
STU817,55
STU818,52
STU819,83
STU820,47
STU821,96
STU822,50
STU823,42
STU824,45
STU825,61
STU826,90
STU827,62
STU828,48
STU829,74
STU830,69
STU831,68
STU832,80
STU833,79
STU834,73
STU835,81
STU836,95
STU837,64
STU838,54
STU839,96
STU840,66
STU841,86
STU842,54
STU843,51
STU844,80
STU845,90
STU846,62
STU847,80
STU848,75
STU849,42
STU850,59
STU851,84
STU852,69
STU853,91
STU854,60
STU855,59
STU856,43
STU857,95
STU858,89
STU859,60
STU860,78
STU861,61
STU862,56
STU863,48
STU864,76
STU865,57
STU866,66
STU867,50
STU868,92
STU869,87
STU870,84
STU871,53
STU872,79
STU873,42
STU874,84
STU875,57
STU876,54
STU877,95
STU878,85
STU879,50
STU880,59
STU881,96
STU882,97
STU883,95
STU884,78
STU885,91
STU886,98
STU887,74
STU888,88
STU889,52
STU890,79
STU891,62
STU892,78
STU893,50
STU894,57
STU895,53
STU896,95
STU897,60
STU898,81
STU899,55
STU900,73
STU901,59
STU902,97
STU903,89
STU904,69
STU905,84
STU906,68
STU907,64
STU908,82
STU909,59
STU910,48
STU911,71
STU912,77
STU913,96
STU914,49
STU915,42
STU916,45
STU917,58
STU918,75
STU919,59
STU920,58
STU921,66
STU922,80
STU923,67
STU924,76
STU925,85
STU926,94
STU927,91
STU928,59
STU929,61
STU930,51
STU931,42
STU932,97
STU933,93
STU934,76
STU935,93
STU936,64
STU937,60
STU938,93
STU939,52
STU940,72
STU941,49
STU942,86
STU943,42
STU944,42
STU945,88
STU946,74
STU947,47
STU948,62
STU949,50
STU950,43
STU951,43
STU952,97
STU953,92
STU954,69
STU955,59
STU956,95
STU957,90
STU958,69
STU959,65
STU960,69
STU961,44
STU962,90
STU963,85
STU964,68
STU965,78
STU966,48
STU967,82
STU968,83
STU969,98
STU970,58
STU971,75
STU972,77
STU973,82
STU974,66
STU975,81
STU976,48
STU977,69
STU978,67
STU979,57
STU980,70
STU981,86
STU982,55
STU983,83
STU984,89
STU985,62
STU986,76
STU987,91
STU988,90
STU989,47
STU990,63
STU991,73
STU992,92
STU993,86
STU994,88
STU995,88
STU996,95
STU997,83
STU998,81
STU999,65
STU1000,83
